Q1,Q2,Q3,Q4,Q5,Q8,Q6,Q9,Q11,Q11_1_TEXT,Q24,Q24_1_TEXT,Q12,Q13,Q14,Q21,Q15,Q22,Q23,Q16,Q16_3_TEXT,Q17_1,Q18,Q19,Q20
What do you plan to do in the first year after graduation?,"Where do you plan on living in the first year after graduation? (List state if in the U.S., otherwise list country)",What is your gender?,"What is your major? (Only if you double majored, please select more than one)",What is your residential college?,Favorite Yale Dining Dish?,What is the best residential college (in your honest opinion)?,Are you/were you ever a member of greek life?,"If you are entering the workforce in the first year after graduation, what is your estimated salary? - Selected Choice","If you are entering the workforce in the first year after graduation, what is your estimated salary? - Yes, I am entering the workforce - Text","Do you expect to receive a bonus in your first year of work? If yes, how much? - Selected Choice","Do you expect to receive a bonus in your first year of work? If yes, how much? - Yes - Text",Are you/were you a student-athlete?,Would you have taken the extra year of eligibility had the Ivy League added it?,Will you graduate from Yale with student loans?,Did this influence your post-graduate plans?,Did your family's socioeconomic status influence your post-graduate plans?,Are you expecting to receive financial assistance from your parent/guardian post-graduation?,How significant do you expect this contribution to be?,Bass or Sterling? - Selected Choice,Bass or Sterling? - Other (spill those secret study places) - Text,How would you rate your Yale experience? - Rating,Were you in a senior society?,Best class you took at Yale? (Please format like “ENGL 120”),Go-to Durfee’s swipe?
"{""ImportId"":""QID1""}","{""ImportId"":""QID2_TEXT""}","{""ImportId"":""QID3""}","{""ImportId"":""QID4""}","{""ImportId"":""QID5""}","{""ImportId"":""QID8_TEXT""}","{""ImportId"":""QID6""}","{""ImportId"":""QID9""}","{""ImportId"":""QID11""}","{""ImportId"":""QID11_1_TEXT""}","{""ImportId"":""QID24""}","{""ImportId"":""QID24_1_TEXT""}","{""ImportId"":""QID12""}","{""ImportId"":""QID13""}","{""ImportId"":""QID14""}","{""ImportId"":""QID21""}","{""ImportId"":""QID15""}","{""ImportId"":""QID22""}","{""ImportId"":""QID23""}","{""ImportId"":""QID16""}","{""ImportId"":""QID16_3_TEXT""}","{""ImportId"":""QID17_1""}","{""ImportId"":""QID18""}","{""ImportId"":""QID19_TEXT""}","{""ImportId"":""QID20_TEXT""}"
,,,,,,,,,,,,,,,,,,,,,,,,
,,,,,,,,,,,,,,,,,,,,,,,,
No plans yet,,Female,Political Science,Jonathan Edwards College,,Silliman College,No,"Yes, I am entering the workforce",,No,,No,,No,,Strongly disagree,No,,Sterling,,8,Yes,,
Consulting,Boston,Male,Psychology,Ezra Stiles College,Tenders,Ezra Stiles College,No,"Yes, I am entering the workforce","80,000",Yes,"10,000",No,,No,,Neither agree nor disagree,No,,Sterling,,9,Yes,ENGL 425,Tenders 
Finance,New York,Female,Economics and Mathematics,Silliman College,Roasted Broccoli,Silliman College,Yes,"Yes, I am entering the workforce","85,000",Yes,,No,,No,,Agree,Yes,Somewhat Insignificant,Sterling,,8,No,ECON 363,Chicken tenders 
Finance,New York,Male,Economics,Saybrook College,,Saybrook College,Yes,,,,,No,,No,,Strongly disagree,No,,Bass,,10,Yes,,
Consulting,CA,Male,"Molecular, Cellular, and Developmental Biology",Pauli Murray College,Chicken wings ,Pauli Murray College,No,"Yes, I am entering the workforce",90000,Yes,10000,No,,No,,Somewhat agree,No,,Bass,,8,No,Bioethics and Law,Chicken tenders 
Public Service/Nonprofit,Washington D.C.,Male,"American Studies,Anthropology",Timothy Dwight College,Grilled Cheese,Timothy Dwight College,No,"Yes, I am entering the workforce","$55,000 ",No,,No,,No,,Somewhat agree,No,,Sterling,,10,Yes,ANTH 561,
Academia/Research,California,Male,"Literature, Comparative",Jonathan Edwards College,Tenders,Jonathan Edwards College,No,"Yes, I am entering the workforce","$34,000 ",No,,No,,No,,Somewhat agree,No,,Sterling,,8,No,LITR 304,Tenders
Public Service/Nonprofit,"Washington, DC",Female,Political Science,Pauli Murray College,Food truck grilled cheese,Silliman College,No,"Yes, I am entering the workforce","45,000",No,,No,,No,,Somewhat agree,No,,Sterling,,7,No,HUMS 444,Hummus and naked juice
Academia/Research,Washington,Male,"Mathematics,Physics",Morse College,San Francisco Chicken,Morse College,No,"Yes, I am entering the workforce","21,000",Yes,6000,No,,Yes,Disagree,Disagree,No,,Other (spill those secret study places),Morse Library,5,No,EVST 226,cafe spice chicken tikka masala
Other (Please specify),Pennsylvania ,Male,Biomedical Engineering,Pauli Murray College,,,No,"Yes, I am entering the workforce","55,000",No,,Yes,No,No,,Neither agree nor disagree,Yes,Somewhat Insignificant,Sterling,,10,Yes,BENG 463 biomaterials ,
Academia/Research,New York,Male,"Molecular, Cellular, and Developmental Biology",Branford College,Chicken tenders,Berkeley College,No,"No, I am not entering the workforce",,,,No,,No,,Neither agree nor disagree,No,,Sterling,,10,No,MB&B 749,"Chicken tikka, 2x babybel"
Academia/Research,California,Male,Chemical Engineering,Morse College,,Morse College,No,"No, I am not entering the workforce",,,,No,,Yes,Strongly disagree,Somewhat disagree,No,,Other (spill those secret study places),Blue State,8,No,,chicken tenders
Tech Industry,San francisco,Female,Applied Mathematics,Pierson College,San Francisco style korean fried chicken,Pierson College,No,"Yes, I am entering the workforce",130000,Yes,Don’t know!,No,,No,,Neither agree nor disagree,No,,Bass,,9,Yes,intellectual history,Chicken tenders and cheese
Health,Connecticut,Female,Cognitive Science,Pauli Murray College,Lamb stew and ramen,Pauli Murray College,No,"Yes, I am entering the workforce","38,000",No,,No,,No,,Agree,Yes,Substantial,Sterling,,9,No,,Samosas and honey mustard
Academia/Research,Colorado,Male,Applied Physics,Jonathan Edwards College,"Kale feta meatballs, duh",Jonathan Edwards College,No,"Yes, I am entering the workforce","35,000",Yes,"3,000",No,,No,,Strongly disagree,No,,Other (spill those secret study places),Taft Library,8,Yes,PHYS 440,Clementines
Other (Please specify),Denver,Male,Economics,Berkeley College,,Pauli Murray College,Yes,"No, I am not entering the workforce",,,,Yes,Yes,No,,Disagree,No,,Other (spill those secret study places),Watson ,10,Yes,,
Academia/Research,Illinois,Male,Mathematics and Physics,Grace Hopper College,Chicken tenders,Grace Hopper College,No,"No, I am not entering the workforce",,,,No,,No,,Somewhat agree,Yes,Somewhat Substantial,Sterling,,7,Yes,HIST 263,Chicken tenders
Academia/Research,California,Male,"Molecular, Cellular, and Developmental Biology",Berkeley College,Chicken with pineapple salsa,Berkeley College,No,"Yes, I am entering the workforce","$50,000 ",No,,No,,No,,Agree,No,,Other (spill those secret study places),My suite,8,No,"SPAN 322 (not taught anymore, I think)",Samosa
Academia/Research,New York,Male,"Chemistry,Mathematics",Jonathan Edwards College,,Jonathan Edwards College,No,"Yes, I am entering the workforce","180,000",Yes,75000,No,,No,,Agree,No,,Sterling,,,,,
Finance,New York,Male,Political Science,Pierson College,Chicken & waffles,Pierson College,No,"Yes, I am entering the workforce","85,000",Yes,"20,000",Yes,Yes,No,,Agree,No,,Bass,,9,No,PLSC 214,Chicken tenders 
Government,"Washington, DC",Male,History,Jonathan Edwards College,Yale Chicken Tenders!!!,Jonathan Edwards College,No,"Yes, I am entering the workforce","$60,000 ",No,,No,,No,,Neither agree nor disagree,No,,Other (spill those secret study places),The Owl Shop,9,Yes,GLBL 392,Chicken Tender Combo (with BBQ Chips)
Arts,Virginia,Female,English,Davenport College,Chicken tenders,Davenport College,No,"No, I am not entering the workforce",,,,No,,No,,Somewhat agree,No,,Sterling,,8,No,ENGL 465,Chicken tenders!
Academia/Research,New York,Female,History,Timothy Dwight College,chicken tenders!,Timothy Dwight College,No,"No, I am not entering the workforce",,,,No,,No,,Somewhat agree,Yes,Somewhat Substantial,Sterling,,10,Yes,MCDB 315,hummus and pita chip packet and iced tea
Academia/Research,California,Female,Mathematics,Grace Hopper College,,Pauli Murray College,No,"No, I am not entering the workforce",,,,No,,No,,Somewhat agree,No,,Sterling,,4,Yes,FREN 320,frappuccino
Consulting,Connecticut,Female,Mathematics,Saybrook College,Kale Feta Meatballs,Ezra Stiles College,No,"Yes, I am entering the workforce",75000,No,,No,,No,,Neither agree nor disagree,Yes,Insignificant,Other (spill those secret study places),math lounge,9,No,ECON 331,microwavable saag paneer
Health,New York City,Female,American Studies,Timothy Dwight College,Chicken tendies,Timothy Dwight College,Yes,"Yes, I am entering the workforce",no idea yet,No,,No,,No,,Strongly agree,Yes,Substantial,Sterling,,9,Yes,CSTD 400 ,tampons
Finance,"New York, NY",Male,History,Branford College,Burger,Pierson College,Yes,"Yes, I am entering the workforce",120000,Yes,25000,No,,No,,Somewhat agree,No,,Sterling,,7,Yes,HIST 133J,Naked Smoothie
Public Service/Nonprofit,"Washington, DC",Female,Global Affairs,Davenport College,Grilled cheese,Davenport College,Yes,"Yes, I am entering the workforce","44,000",Yes,,No,,No,,Somewhat agree,Yes,Somewhat Substantial,Sterling,,10,Yes,,Raspberries 
Academia/Research,United Kingdom,Male,Global Affairs,Grace Hopper College,Chicken Wraps,Grace Hopper College,No,"No, I am not entering the workforce",,,,No,,No,,Somewhat agree,Yes,Somewhat Substantial,Other (spill those secret study places),Donut Crazy,8,No,ANTH 244,Popcorners Jalapeno Flavor
Academia/Research,United Kingdom,Male,Philosophy,Silliman College,Lamb with couscous and tzatziki,Silliman College,No,"No, I am not entering the workforce",,,,No,,No,,Strongly agree,Yes,Substantial,Sterling,,10,No,PHIL 488,egg salad sandwich w lemon ice tea
Education,New Haven,Female,Statistics and Data Science,Pauli Murray College,vodka penne ,Davenport College,No,,,,,No,,No,,Somewhat agree,No,,Sterling,,8,No,EDST 210,
Other (Please specify),No fucking clue :) ,Female,Political Science,Jonathan Edwards College,the macaroni and cheese ,Branford College,Yes,"Yes, I am entering the workforce",Lolololololol,Yes,Idk man,No,,Yes,Somewhat agree,Agree,No,,Sterling,,4,Yes,GLBL 305,dried fruit 
Public Service/Nonprofit,New York,Female,"English,Ethnicity, Race, and Migration",Grace Hopper College,Grilled cheese,Ezra Stiles College,No,"Yes, I am entering the workforce","54,000",No,,No,,No,,Somewhat agree,No,,Sterling,,9,Yes,HUMS 339,Chicken tenders
Finance,Connecticut ,Male,Economics and Mathematics,Jonathan Edwards College,Hand Breaded Chicken Tenders,Silliman College,No,"Yes, I am entering the workforce","125,000",Yes,"20,000",No,,No,,Agree,No,,Bass,,9,No,ECON 672,"Tenders, BBQ/Honey Mustard mix, Coke"
Other (Please specify),Egypt,Male,Economics,Davenport College,Pizza ,Davenport College,Yes,"Yes, I am entering the workforce",65000,Yes,,No,,Yes,Strongly disagree,Strongly agree,Yes,Substantial,Bass,,9,No,RLST 183,Tenders 
Law,"Nashville, TN",Female,Religious Studies,Saybrook College,Tres Leches Cake,Morse College,No,"Yes, I am entering the workforce",40000,No,,Yes,No,No,,Disagree,No,,Sterling,,10,No,RLST 357,"cheetos, tapioca pudding, carrots, milk"
Health,Maryland,Male,"Molecular, Biophysics and Biochemistry,Political Science",Ezra Stiles College,,Ezra Stiles College,No,"Yes, I am entering the workforce",65000,No,,No,,No,,Agree,Yes,Somewhat Substantial,Sterling,,8,No,MATH 300,
No plans yet,New Jersey,Female,Sociology,Berkeley College,Kale Salad with Cranberries ,Berkeley College,No,"No, I am not entering the workforce",,,,Yes,No,No,,Somewhat agree,No,,Sterling,,9,Yes,HSAR 115,Awake Chocolate
Academia/Research,CT,Female,Neuroscience,Pauli Murray College,None,Benjamin Franklin College,No,"Yes, I am entering the workforce","40,000",No,,No,,No,,Somewhat disagree,Yes,Substantial,Bass,,8,No,NSCI 229L,Durfees
Academia/Research,Washington,Female,"Molecular, Cellular, and Developmental Biology",Ezra Stiles College,Korean fried chicken ,Ezra Stiles College,No,"Yes, I am entering the workforce",50000,No,,No,,No,,Somewhat agree,Yes,Somewhat Insignificant,Bass,,7,No,PLSC 257,Chicken tenders 
Finance,New York City,Female,Economics,Trumbull College,Food truck grilled cheese,Silliman College,No,"Yes, I am entering the workforce",70000,Yes,10000,No,,Yes,Somewhat agree,Somewhat agree,No,,Sterling,,8,Yes,EEB264,"Blueberries, yogurt, small toblerone"
No plans yet,New York,Female,Psychology,Saybrook College,Chicken Stew and Biscuits,Saybrook College,No,"Yes, I am entering the workforce",,,,No,,No,,Somewhat agree,Yes,Somewhat Insignificant,Bass,,9,Yes,,"Tortilla chips, yogurt, chicken tenders"
Arts,Switzerland,Female,Music,Grace Hopper College,Chicken tenders,Grace Hopper College,No,"No, I am not entering the workforce",,,,No,,No,,Agree,Yes,Somewhat Substantial,Sterling,,10,No,MUSI 352,Kombucha
Academia/Research,United Kingdom,Male,"Economics,Near Eastern Languages and Civilizations",Morse College,,Morse College,No,"No, I am not entering the workforce",,,,Yes,No,No,,Somewhat agree,No,,Sterling,,10,Yes,Econ 121,Meal swipe ;)
,,,,,,,,,,,,,,,,,,,,,,,,
Public Service/Nonprofit,New York,Male,"History,Philosophy",Pierson College,Tenders,Jonathan Edwards College,No,"Yes, I am entering the workforce",60k,No,,No,,No,,Somewhat agree,Yes,Somewhat Insignificant,Sterling,,10,Yes,PHIL 455,Naked Juice
Other (Please specify),Michigan,Female,Engineering Sciences (Electrical),Morse College,Honey bbq salmon,Morse College,No,"Yes, I am entering the workforce",,Yes,,Yes,No,No,,Disagree,No,,Sterling,,8,No,HSAR 247,Starbucks Cold Brew 
Education,New York,Female,Psychology,Trumbull College,Chicken Tenders,Trumbull College,No,"Yes, I am entering the workforce","51,500",No,,No,,Yes,Somewhat disagree,Somewhat agree,Yes,Somewhat Insignificant,Sterling,,7,No,HUMS 411,Amy's Pesto Tortellini and a Ritter Sport Chocolate
Health,Wisconsin,Female,Cognitive Science,Benjamin Franklin College,Salmon,Silliman College,No,"Yes, I am entering the workforce",75000,Yes,5000,No,,No,,Somewhat agree,No,,Other (spill those secret study places),Connecticut Hall,8,No,CGSC 277,Clif bar +  Vega bar + gluten free bar
Academia/Research,New Jersey,Male,Statistics and Data Science,Grace Hopper College,Mac and cheese,Grace Hopper College,No,"No, I am not entering the workforce",,,,No,,No,,Disagree,No,,Bass,,8,No,ENGL 127,Naked smoothie
Education,Philadelphia,Male,Mathematics,Davenport College,Mushroom ravioli,Grace Hopper College,No,"Yes, I am entering the workforce","45,000",No,,No,,No,,Disagree,Yes,Insignificant,Other (spill those secret study places),Math lounge,8,Yes,HIST 271,Chicken tenders and peppermint gum
Academia/Research,Hawai'i,Female,Astrophysics,Pauli Murray College,Couscous salad,Benjamin Franklin College,No,"No, I am not entering the workforce",,,,No,,No,,Strongly disagree,No,,Bass,,7,No,ASTR 255,Combination of juices and drinks!
Academia/Research,Washington,Male,Mathematics,Morse College,Chocolate toffee pudding,Morse College,No,"Yes, I am entering the workforce","$28,000 ",Yes,"$5,000 ",No,,Yes,Disagree,Disagree,Yes,Somewhat Substantial,Sterling,,5,Yes,MATH 430,Sandwich
Tech Industry,Washington,Female,Computer Science,Benjamin Franklin College,Steak fries,Benjamin Franklin College,No,"Yes, I am entering the workforce",112000,Yes,36,No,,No,,Strongly disagree,No,,Other (spill those secret study places),Kroon,9,No,CPSC 478,
Consulting,New York City,Female,Political Science,Trumbull College,Chicken with melted Parmesan and tomato sauce ,Silliman College,Yes,"Yes, I am entering the workforce",64k,No,,No,,No,,Somewhat agree,Yes,Somewhat Substantial,Sterling,,7,Yes,PLSC391 State Formation,"The box with hummus, olives, carrots, and crackers"
Arts,London ,Female,Theater Studies,Grace Hopper College,Tenders ,Grace Hopper College,Yes,"No, I am not entering the workforce",,,,No,,No,,Neither agree nor disagree,Yes,Substantial,Sterling,,8,Yes,Intro to psychology ,Mezze box platter 
Tech Industry,New York City and China ,Male,History,Silliman College,"Butter Sage Ravioli, Pulled Pork, Sweet Mashed Potatoes ",Silliman College,Yes,"Yes, I am entering the workforce","84,000",No,,No,,No,,Strongly agree,No,,Sterling,,9,Yes,HIST 271: Intellectual History since Nietzsche ,"Coconut Water, Two Mozzarella String Cheeses, Apple "
Consulting,San Francisco,Male,Economics,Pauli Murray College,Yale Creamy Mac and Cheese,Silliman College,No,"Yes, I am entering the workforce",110000,Yes,30000,No,,No,,Somewhat agree,No,,Bass,,3,No,Economics and Science of Medicine,condoms
Academia/Research,UK,Female,Computer Science,Saybrook College,Chunky monkey bars,Saybrook College,No,"No, I am not entering the workforce",,,,No,,No,,Neither agree nor disagree,No,,Sterling,,7,Yes,Musi 352,"Egg salad sandwich, yogurt, carrots"
Other (Please specify),"Newport News, Virginia ",Male,Mechanical Engineering,Ezra Stiles College,Pizza,Ezra Stiles College,No,"Yes, I am entering the workforce",,No,,No,,No,,Strongly disagree,No,,Bass,,8,No,PSYC 110,Chicken tenders and cheezits 
Public Service/Nonprofit,"I'm looking for remote work because going to any major city for work would require extensive travel, which remains unsafe right now.",Male,"Ethnicity, Race, and Migration,Political Science",Berkeley College,Anything South Asian or East Asian (also plantains),Berkeley College,No,"Yes, I am entering the workforce","I have no idea because my job search over the spring semester was deferred to, well, right now.  So it looks like I'll find out!",Yes,"I have no idea, but probably not.  It will most likely be an entry-level position with a small-budget organization.",No,,No,,Agree,Yes,Somewhat Insignificant,Sterling,,9,No,ER&M 238,"A sandwich of some kind, a can of Starbucks espresso, and an apple (adds up to exacrly $8.59)"
Health,Connecticut,Male,Humanities,Jonathan Edwards College,Tres leches,Jonathan Edwards College,Yes,"No, I am not entering the workforce",,,,Yes,No,No,,Agree,Yes,Substantial,Other (spill those secret study places),Curtis Curtiss,7,No,HUMS 229,Salted Caramel Cookie
Other (Please specify),China,Male,"East Asian Studies,Linguistics",Timothy Dwight College,Grilled cheese with cream of roasted tomato soup ,Timothy Dwight College,No,"No, I am not entering the workforce",,,,No,,No,,Agree,No,,Other (spill those secret study places),Steep Cafe,8,No,ER&M 439,Naked Juice and greek yogurt 
Traveling,,Female,"Ecology and Evolutionary Biology,History of Science, Medicine, and Public Health",Branford College,,Branford College,No,"No, I am not entering the workforce",,,,No,,No,,Agree,Yes,Substantial,Sterling,,9,Yes,,
Tech Industry,Illinois,Male,Physics,Morse College,,Silliman College,Yes,"Yes, I am entering the workforce",92500,Yes,20000,No,,No,,Neither agree nor disagree,No,,Sterling,,7,Yes,PHYS 420,
Consulting,Boston,Male,Neuroscience,Saybrook College,Mac and cheese,Saybrook College,No,"Yes, I am entering the workforce","78,000",Yes,2500,No,,Yes,Agree,Agree,No,,Sterling,,8,Yes,BENG 405,Jalapeño cheddar pop corners 
Tech Industry,California,Female,Computer Science,Trumbull College,Naan,,Yes,"Yes, I am entering the workforce",130000,Yes,50000,Yes,Yes,No,,Disagree,No,,Sterling,,6,Yes,CPSC 334,Kombucha and cheddar cheese
Public Service/Nonprofit,United States,Male,Environmental Studies,Branford College,,Branford College,No,"Yes, I am entering the workforce","40,000",No,,No,,No,,Agree,No,,,,8,Yes,EVST 223/FES 952 political ecology,Tenders and tea
Consulting,"New York, NY",Female,"Economics,Global Affairs",Silliman College,Salmon,Silliman College,Yes,"Yes, I am entering the workforce","90,000",Yes,"10,000",No,,No,,Disagree,No,,Sterling,,10,Yes,,bowl noodle and mac n cheese
No plans yet,"CT, for now",Male,Film and Media Studies,Grace Hopper College,Chicken Tikka Masala ,Grace Hopper College,No,"No, I am not entering the workforce",,,,No,,No,,Strongly agree,No,,Sterling,,7,Yes,FILM 323,Italian Wrap and Salt & Vinegar Chips
Government,,Male,Political Science,Grace Hopper College,,Davenport College,Yes,"Yes, I am entering the workforce",,,,Yes,,No,,,,,Sterling,,8,Yes,G&G 274,Bobo’s Oat Bars
Health,Massachusetts,Male,Global Affairs,Branford College,Baba ghanoush,Silliman College,No,"Yes, I am entering the workforce",,Yes,1000,No,,No,,Neither agree nor disagree,Yes,Somewhat Insignificant,Sterling,,10,Yes,GLBL 601,Mug
Other (Please specify),CT,Male,"Applied Physics,Mechanical Engineering",Saybrook College,,,No,"No, I am not entering the workforce",,,,No,,No,,Strongly agree,No,,Bass,,4,No,PHYS 180/181,
Finance,"Washington, DC",Male,Statistics and Data Science,Morse College,Chicken tender Thursdayyyy,Morse College,No,"Yes, I am entering the workforce",85000,Yes,20000,No,,No,,Strongly agree,No,,Bass,,10,No,CPSC 453,"Chicken tenders, Yale water, and toblerone"
Academia/Research,California,Female,Electrical Engineering,Branford College,Chicken Parmesan ,Pauli Murray College,No,"No, I am not entering the workforce",,,,No,,Yes,Disagree,Disagree,No,,Bass,,7,No,RUSS 312,Chicken tenders and Starbucks coffee
Education,Unknown,Female,English,Berkeley College,sweet potato fries,Berkeley College,No,"Yes, I am entering the workforce",45000 p year,No,,No,,No,,Agree,No,,Other (spill those secret study places),Classics Library,9,Yes,ENGL 177,Salt and vinegar chips
Academia/Research,United Kingdom,Female,Ecology and Evolutionary Biology,Ezra Stiles College,tacos,Ezra Stiles College,No,"No, I am not entering the workforce",,,,Yes,Yes,No,,Agree,Yes,Substantial,Sterling,,9,Yes,Bioethics,strawberries and chicken tenders (it goes over but worth paying for)
Law,Missouri,Female,Political Science,Silliman College,,Jonathan Edwards College,No,"No, I am not entering the workforce",,,,No,,Yes,Neither agree nor disagree,Strongly agree,No,,Sterling,,3,Yes,PLSC 320,"Double shot, cheese sticks, plum"
Education,England ,Female,"Ethnicity, Race, and Migration,Political Science",Grace Hopper College,,Silliman College,No,,,,,No,,No,,Agree,Yes,Substantial,Sterling,,8,Yes,,Amy’s bowl
Other (Please specify),New York City,Male,"Economics,Molecular, Cellular, and Developmental Biology",Jonathan Edwards College,Tres Leches Cake,Jonathan Edwards College,No,"No, I am not entering the workforce",,,,No,,No,,Agree,Yes,Somewhat Substantial,Other (spill those secret study places),Taft (JE),9,No,ECON 463,Cafe Spice
Academia/Research,,,"Molecular, Cellular, and Developmental Biology",Ezra Stiles College,,Ezra Stiles College,No,"Yes, I am entering the workforce",44000,No,,No,,No,,Somewhat agree,No,,Sterling,,9,No,MCDB 461,No
Law,New Haven,Female,Political Science,Grace Hopper College,Chicken tenders,Berkeley College,No,"No, I am not entering the workforce",,,,No,,No,,Agree,No,,Sterling,,9,Yes,ANTH 230,N/A
Finance,California,Male,Engineering Sciences (Mechanical),Morse College,Chicken tenders,Berkeley College,No,"Yes, I am entering the workforce",,No,,Yes,No,No,,Neither agree nor disagree,Yes,Insignificant,Sterling,,9,Yes,FILM 232,Yale Sweatshirt
Academia/Research,China,Male,Computer Science and Psychology,Jonathan Edwards College,Grilled Cheese,Jonathan Edwards College,No,"No, I am not entering the workforce",,,,No,,No,,Strongly disagree,Yes,Somewhat Insignificant,Sterling,,9,Yes,CSJE 310,That high protein ice cream
Finance,Florida,Female,Economics,Davenport College,,,No,"Yes, I am entering the workforce",,Yes,,Yes,Yes,No,,Agree,No,,Sterling,,,Yes,,
Consulting,"Washington, D.C.",Female,"Global Affairs,History",Berkeley College,,Silliman College,Yes,"Yes, I am entering the workforce","90,000",Yes,"13,800",No,,No,,Somewhat agree,No,,Sterling,,7,No,EAST 301,
Tech Industry,ny,Male,Computer Science,Pierson College,,,,,,,,,,,,,,,,,,Yes,,
Consulting,"New York, New York",Female,"Ethics, Politics, and Economics",Jonathan Edwards College,Chicken Tikka Masala,Silliman College,No,"Yes, I am entering the workforce","90,000",No,,No,,No,,Somewhat disagree,No,,Bass,,8,Yes,GLBL 121,"raspberries, sprite, and caramel-filled chocolates"
No plans yet,Connecticut,Female,History,Ezra Stiles College,The waffles with the big Y in the middle,Ezra Stiles College,No,"No, I am not entering the workforce",,,,No,,Yes,Somewhat disagree,Somewhat agree,Yes,Somewhat Substantial,Sterling,,8,No,HIST405J,Only ever went into Durfee's once
Other (Please specify),New York City ,Male,Mechanical Engineering,Ezra Stiles College,,Benjamin Franklin College,Yes,"Yes, I am entering the workforce","67,000",No,,Yes,Yes,Yes,Agree,Agree,No,,Other (spill those secret study places),Watson ,8,Yes,Structure of networks ,
Health,Connecticut,Male,"Molecular, Cellular, and Developmental Biology",Davenport College,Chicken Parmeseam,Davenport College,No,"Yes, I am entering the workforce","32,000",No,,No,,No,,Somewhat agree,Yes,Substantial,Other (spill those secret study places),17 Hillhouse,9,No,PLSC 230,Samosas
Consulting,DC,Male,Computer Science,Davenport College,Chicken Tender Thursday,Davenport College,Yes,,,,,No,,No,,Strongly disagree,Yes,Somewhat Insignificant,Bass,,8,Yes,,
Academia/Research,New York City,Male,"Molecular, Biophysics and Biochemistry",Morse College,Naan,Morse College,No,"No, I am not entering the workforce",,,,No,,No,,Neither agree nor disagree,No,,Sterling,,6,Yes,HSAR 115,Chicken tenders
Public Service/Nonprofit,CT,Female,"Political Science,Psychology",Davenport College,Gnochi,Davenport College,No,"Yes, I am entering the workforce",22500,No,,No,,No,,Agree,No,,Bass,,9,No,ENGL 210,
Academia/Research,Connecticut,Female,Ecology and Evolutionary Biology,Berkeley College,Sweet potato hash with black beans,Berkeley College,No,"No, I am not entering the workforce",,,,No,,No,,Neither agree nor disagree,No,,Sterling,,9,No,E&EB 106,Almonds and dried mango
Finance,"Boston, MA",Male,"Economics,Political Science",Benjamin Franklin College,Wormy Cod,Benjamin Franklin College,No,"Yes, I am entering the workforce",70000,Yes,30000,Yes,Yes,Yes,Strongly agree,Strongly agree,Yes,Somewhat Insignificant,Sterling,,6,Yes,HSAR 410,Hot Pockets
Education,China,Male,"Computer Science,Linguistics",Ezra Stiles College,Fried clam roll,Ezra Stiles College,No,"No, I am not entering the workforce",,,,No,,Yes,Strongly disagree,Somewhat agree,No,,Other (spill those secret study places),"Stiles Common Room, duh",10,No,FREN S160,2 bags of jalapeño cheddar pop corners and a brownie
Tech Industry,Illinois (Chicago),Male,Computer Science and Psychology,Silliman College,Chicken Parm by Chef Chris in Silliman,Silliman College,No,"Yes, I am entering the workforce",75000,No,,Yes,No,No,,Strongly agree,No,,Sterling,,9,Yes,"PSYC 437, CSBK 380, ASTR 160, CGSC 110","chicken tenders, pretzels, salt and vinegar chips"
Arts,Texas,Female,Statistics and Data Science,Pierson College,That chicken parmesean thing,Silliman College,No,"No, I am not entering the workforce",,,,No,,No,,Somewhat agree,Yes,Somewhat Substantial,Sterling,,7,No,ENGL 450,Tenders
Consulting,"Boston , MA ",Female,Neuroscience,Pierson College,Kale feta meatballs ,Pierson College,No,"Yes, I am entering the workforce",75000,Yes,No idea,No,,No,,Somewhat agree,Yes,Somewhat Insignificant,Sterling,,9,No,PHIL 313,Those candies fruit and nut bags 
Academia/Research,"Boston, Massachusetts",Female,"Molecular, Cellular, and Developmental Biology",Trumbull College,vegetable potstickers with ginger soy glaze,Trumbull College,No,"Yes, I am entering the workforce","40,000",No,,No,,No,,Agree,Yes,Somewhat Insignificant,Other (spill those secret study places),"coffee shops, Haas, Law School",10,No,MCDB205,"before the price rose in Fall 2019: chicken tenders, extra sharp cabot white cheese, spicy pickles"
Academia/Research,CT,Female,Philosophy,Jonathan Edwards College,Kale and feta balls,Jonathan Edwards College,No,"No, I am not entering the workforce",,,,No,,No,,Somewhat disagree,Yes,Somewhat Insignificant,Sterling,,10,No,PHIL 443,Wrap and a drink 
Academia/Research,New York,Male,Neuroscience,Silliman College,Chicken Tenders,Silliman College,No,"Yes, I am entering the workforce",,No,,No,,No,,Agree,No,,Sterling,,10,Yes,NSCI 258,Tenders and doritos
Finance,New York,Male,Political Science,Jonathan Edwards College,Rye Brownies ,Silliman College,No,"Yes, I am entering the workforce","85,000",Yes,"20,000",No,,Yes,Strongly agree,Strongly agree,Yes,Somewhat Insignificant,Other (spill those secret study places),Haas ,6,No,AMST 258,
Education,Germany,Female,American Studies,Branford College,Falafel day,Silliman College,No,"Yes, I am entering the workforce","25,000",No,,No,,No,,Somewhat agree,Yes,Somewhat Substantial,Sterling,,8,Yes,LING 211 Grammatical Diversity in US English,"Dried mangoes, pretzels, baby carrots"
Public Service/Nonprofit,"New Haven, CT",Female,"Ethnicity, Race, and Migration",Morse College,Cheesecake,Morse College,No,"Yes, I am entering the workforce",,No,,No,,No,,Strongly agree,No,,Sterling,,10,Yes,ENAS 400,Chicken Tenders and Kettle Chips
Arts,Unclear. Florida or New York,Nonbinary,"English,Theater Studies",Branford College,,Morse College,No,"Yes, I am entering the workforce",Low (freelance),No,,No,,No,,Disagree,No,,,,9,Yes,"ENGL 223, ENGL 477",
No plans yet,"New Haven or Boston, probably",Female,Ecology and Evolutionary Biology,Pierson College,Papardelle with chard (Pauli Murray bowl),Pierson College,No,"Yes, I am entering the workforce",Unknown,No,,No,,No,,Agree,Yes,Somewhat Insignificant,Sterling,,7,No,E&EB 380,Samosas and fruit
Finance,California,Male,Economics,Ezra Stiles College,Mother’s Beef Brisket,Ezra Stiles College,Yes,"Yes, I am entering the workforce",70000,Yes,Not sure,No,,No,,Somewhat agree,Yes,Somewhat Insignificant,Sterling,,10,Yes,HIST 119,"Egg salad sandwich, pretzels, and a banana"
Other (Please specify),Connecticut or Pennsylvania ,Male,History,Davenport College,Tres leches cake,Davenport College,No,"Yes, I am entering the workforce",Unknown ,No,,Yes,No,No,,Neither agree nor disagree,Yes,Somewhat Insignificant,Sterling,,8,Yes,HIST 246,No
Health,New Haven,Male,"Molecular, Cellular, and Developmental Biology",Berkeley College,Tres Leches Cake,Silliman College,No,"No, I am not entering the workforce",,,,No,,Yes,Strongly disagree,Disagree,Yes,Substantial,Sterling,,8,Yes,MCDB 355L,
Consulting,"Washington, D.C. ",Female,Global Affairs,Jonathan Edwards College,Latkes ,Jonathan Edwards College,Yes,"Yes, I am entering the workforce","$63,000 ",No,,No,,No,,Strongly agree,Yes,Somewhat Insignificant,Other (spill those secret study places),Taft Library,8,Yes,HIST 341,Chicken Tenders 
Consulting,New York,Male,Electrical Engineering,Branford College,Food Truck Style Grilled Cheese,Branford College,No,"Yes, I am entering the workforce",,Yes,,No,,Yes,Somewhat agree,Agree,No,,Sterling,,8,Yes,MGT 656,Protein shakes
Traveling,New York,Male,Ecology and Evolutionary Biology,Branford College,Pizza,Branford College,No,"Yes, I am entering the workforce","86,000",Yes,"10,000",No,,Yes,,Somewhat agree,Yes,Somewhat Substantial,Other (spill those secret study places),,5,Yes,E&EB 275,Chicken tenders
Academia/Research,New Jersey,Male,"Mathematics,Near Eastern Languages and Civilizations",Grace Hopper College,Tres Leches Cake,Berkeley College,No,"No, I am not entering the workforce",,,,No,,No,,Somewhat agree,Yes,Somewhat Substantial,Sterling,,10,Yes,LITR 348,Granola bars
Academia/Research,Connecticut,Male,"Molecular, Cellular, and Developmental Biology",Pierson College,Pauli Murray/Franklin Pizza,Pierson College,Yes,"Yes, I am entering the workforce","$35,000 ",No,,No,,No,,Somewhat agree,Yes,Somewhat Substantial,Sterling,,9,Yes,HIST263,Chicken Tenders and Greek yogurt
Health,Massachusetts ,Female,"English,Molecular, Biophysics and Biochemistry",Grace Hopper College,Gumbo,Grace Hopper College,Yes,"No, I am not entering the workforce",,,,No,,Yes,Somewhat agree,Somewhat agree,No,,Bass,,8,Yes,ENGL 334 or MB&B 445,"Kombucha, fruit, and the little chocolate things at the front"
Academia/Research,Connecticut,Male,"Chemistry,Molecular, Biophysics and Biochemistry",Saybrook College,Tres Leches Cake,Saybrook College,No,"Yes, I am entering the workforce","25,000",No,,No,,No,,Disagree,No,,Bass,,8,Yes,CHEM 400,Kombucha
Law,Virginia ,Male,History,Davenport College,Chicken tenders,Silliman College,Yes,"No, I am not entering the workforce",,,,No,,No,,Strongly agree,Yes,Substantial,Sterling,,8,Yes,HIST 271,Naked smoothie and Clif bar
No plans yet,CO,Female,Environmental Studies,Branford College,sweet potato fries,Silliman College,No,"Yes, I am entering the workforce","400,000",No,,No,,No,,Somewhat agree,Yes,Somewhat Insignificant,Sterling,,7,Yes,ER&M 356,Samosas and an iced tea
Academia/Research,Illinois,Male,Global Affairs,Jonathan Edwards College,Holiday dinner,Jonathan Edwards College,No,"Yes, I am entering the workforce",50000,No,,No,,No,,Somewhat agree,Yes,Somewhat Substantial,Other (spill those secret study places),Haas,6,Yes,ANTH 254,Poland Spring water
Academia/Research,UK,Female,"English,Philosophy",Saybrook College,potato casserole,Silliman College,No,"No, I am not entering the workforce",,,,No,,Yes,Disagree,Disagree,No,,Bass,,10,Yes,"ENGL 480, PHIL 455","iced tea, sandwich"
Academia/Research,Massachusetts ,Female,"History of Science, Medicine, and Public Health",Pauli Murray College,Grilled cheese,Silliman College,Yes,"No, I am not entering the workforce",,,,No,,No,,Neither agree nor disagree,Yes,Somewhat Insignificant,Bass,,8,No,HSHM 465,"Peanut butter jelly sandwich, Babybell cheese, baked Cheetos "
Other (Please specify),massachusetts,Male,"Economics,Political Science",Pauli Murray College,refused to eat there,Silliman College,No,"No, I am not entering the workforce",,,,Yes,Yes,Yes,Strongly agree,Strongly agree,Yes,Substantial,Other (spill those secret study places),7th floor stacks ,5,Yes,gonna be honest not looking up that format. Pascutti’s US Banking i thought was my favorite class. ,people used that? 
No plans yet,,Male,Economics,Grace Hopper College,,Ezra Stiles College,No,,,,,No,,No,,Somewhat agree,No,,Sterling,,8,Yes,PHIL 175,"Skittles, Chocolate Milk"
Tech Industry,"Seattle,WA",Female,Computer Science,Branford College,None,Berkeley College,No,"Yes, I am entering the workforce",,,,No,,No,,Neither agree nor disagree,No,,Bass,,10,No,,
Health,Illinois,Male,"Molecular, Cellular, and Developmental Biology,Women's, Gender, and Sexuality Studies",Morse College,Spiced Naan,Silliman College,No,"Yes, I am entering the workforce",45000,No,,No,,Yes,Strongly disagree,Somewhat agree,Yes,Somewhat Substantial,Sterling,,9,Yes,WGSS 205,"Hot Pickles, Snickers, Water"
Finance,Massachusetts,Female,Economics,Silliman College,San Francisco Korean Fried Chicken,Silliman College,No,"Yes, I am entering the workforce","100,000",Yes,"90,000",No,,No,,Agree,No,,Other (spill those secret study places),YCBA library,9,Yes,WGSS 355,"Raspberries, cheese stick, pack of gum"
Academia/Research,Hong Kong,Female,Psychology,Branford College,Salami and honey pizza,Ezra Stiles College,No,"Yes, I am entering the workforce","$34,000 ",No,,No,,No,,Somewhat agree,No,,Bass,,7,No,WGSS 032,
Academia/Research,United Kingdom,Male,"Ethics, Politics, and Economics",Ezra Stiles College,steamed broccoli,Ezra Stiles College,No,"Yes, I am entering the workforce",35000,No,,No,,No,,Somewhat agree,No,,Sterling,,8,Yes,PHIL 455,Two noosa yogurts and one pack of gum
Health,North Carolina ,Female,Sociology,Pierson College,Chicken wrap,Silliman College,No,"No, I am not entering the workforce",,,,No,,Yes,Disagree,Neither agree nor disagree,Yes,Somewhat Substantial,Other (spill those secret study places),Pierson library ,6,No,"Race, Class, Gender &American Cities",Strawberry lemonade 
Public Service/Nonprofit,California,Male,English,Silliman College,Chicken Parmesan,Silliman College,No,"Yes, I am entering the workforce","$80,000 ",No,,No,,No,,Strongly disagree,Yes,Somewhat Insignificant,Sterling,,8,Yes,ENGL 249,"Babybel, tenders, some kind of fruit"
Consulting,New York ,Female,Psychology,Jonathan Edwards College,,Pauli Murray College,No,"Yes, I am entering the workforce","70,000",Yes,"10,000",Yes,No,No,,Strongly disagree,Yes,Somewhat Substantial,Sterling,,8,No,,
Consulting,Germany,Male,History,Pierson College,,Pierson College,No,"Yes, I am entering the workforce",127000,Yes,10000,No,,No,,Strongly disagree,No,,Sterling,,9,Yes,HIST 397,Didn’t go often
Academia/Research,Illinois,Female,Chemistry,Grace Hopper College,grilled cheese,Grace Hopper College,No,"No, I am not entering the workforce",,,,No,,No,,Somewhat agree,No,,Sterling,,7,No,ENGL 121,
Public Service/Nonprofit,Colombia,Female,Environmental Engineering,Ezra Stiles College,tres leches cake,Ezra Stiles College,No,"No, I am not entering the workforce",,,,No,,No,,Agree,Yes,Substantial,Bass,,8,Yes,PHYS 180,4 bags of Hippeas
Academia/Research,California,Male,Biomedical Engineering,Jonathan Edwards College,Spinach Cheese Floutas,Jonathan Edwards College,No,"No, I am not entering the workforce",,,,No,,No,,Strongly disagree,No,,Other (spill those secret study places),My room,9,No,BENG 205,Chicken Wrap and Wheat Thins
No plans yet,North Carolina,Female,"Anthropology,Linguistics",Pierson College,Grilled Cheese,Silliman College,No,"Yes, I am entering the workforce",Who knows,No,,No,,No,,Strongly agree,Yes,Somewhat Substantial,Bass,,8,Yes,ANTH 411,"Kombucha, tortilla chips, a few stolen Babybels, Toblerone"
No plans yet,New York,Female,Cognitive Science,Saybrook College,Food Truck Grilled Cheese,Saybrook College,No,,,,,No,,No,,Agree,Yes,Somewhat Insignificant,Sterling,,9,Yes,PHIL442,Chocolate Covered Almonds & Gum 
Arts,California,Female,History,Davenport College,Chicken tenders ,Davenport College,No,"Yes, I am entering the workforce","$33,000 ",No,,No,,No,,Strongly agree,Yes,Substantial,Sterling,,7,Yes,HIST 335,Samosas
Consulting,District of Columbia,Male,Economics,Jonathan Edwards College,Grilled cheese,Jonathan Edwards College,No,"Yes, I am entering the workforce","$77,500 ",Yes,"$10,000 ",No,,No,,Somewhat agree,No,,Sterling,,8,Yes,ENGL 120,Chicken tenders
Public Service/Nonprofit,No clue,Female,History,Jonathan Edwards College,Grill cheese,Jonathan Edwards College,No,"Yes, I am entering the workforce","$30,000 ",No,,No,,No,,Strongly agree,No,,Sterling,,9,No,ENGL 255,Kombucha
Health,Jacksonville Florida ,Female,"History of Science, Medicine, and Public Health",Jonathan Edwards College,Grilled cheese ,Jonathan Edwards College,No,"Yes, I am entering the workforce","50,000",No,,Yes,Yes,No,,Somewhat agree,No,,Other (spill those secret study places),,6,No,JAPN 120,Ben and Jerry’s 
Other (Please specify),South Carolina ,Male,Electrical Engineering,Morse College,Morse Buffalo Pizza,Saybrook College,Yes,"Yes, I am entering the workforce",60000,No,,No,,No,,Neither agree nor disagree,No,,Sterling,,10,Yes,EENG 235,Naked juice
Finance,New York ,Female,"Literature, Comparative",Berkeley College,Lamb burger,Berkeley College,No,"Yes, I am entering the workforce",100000,Yes,30000,No,,No,,Somewhat agree,No,,Sterling,,9,No,FREN 211,Naked smoothie and chocolate
Academia/Research,toronto,Male,Philosophy,Pierson College,magic bars,Pierson College,No,"No, I am not entering the workforce",,,,No,,No,,Agree,No,,Bass,,0,No,,
Tech Industry,New York ,Male,"Economics,Statistics and Data Science",Branford College,"Meatloaf :) (it slaps, you can quote me on that)",Branford College,Yes,"Yes, I am entering the workforce",80000,Yes,5000,No,,No,,Somewhat agree,No,,Sterling,,6,Yes,Classical Hollywood Narrative,Tendiessss
Consulting,New York,Male,Economics and Mathematics,Pauli Murray College,Anything from the Murray/Franklin bowl station.,Pauli Murray College,No,"Yes, I am entering the workforce",85000,Yes,10000,No,,No,,Somewhat agree,No,,Other (spill those secret study places),CEID,8,No,"HIST 307 (""Making of Japan's Great Peace"")",Sabra hummus packet + coconut water
No plans yet,don't know,Male,"Computer Science,Political Science",Branford College,San Francisco Korean fried chicken,Silliman College,No,"Yes, I am entering the workforce",wish I had a job to know the salary of,,,No,,No,,Strongly disagree,No,,Sterling,,9,Yes,PLSC 256,tendies 
Academia/Research,Massachusetts,Female,Statistics and Data Science,Trumbull College,Salami and honey pizza,Silliman College,No,"Yes, I am entering the workforce",75000,No,,No,,Yes,Agree,Agree,No,,Sterling,,5,Yes,ASL 110,Chicken tenders with honey mustard sauce and Brussels sprout puffs
Academia/Research,NY,Male,Mathematics,Morse College,Tres Leches cake,Silliman College,Yes,"No, I am not entering the workforce",,,,No,,No,,Strongly agree,No,,Sterling,,10,No,MATH 235,Chicken Tenders and Honest Tea
Academia/Research,Canada,Female,"Anthropology,Astrophysics",Pierson College,Oatmeal,Pierson College,No,"No, I am not entering the workforce",,,,No,,No,,Somewhat disagree,No,,Sterling,,9,Yes,ANTH 455,
Finance,New York,Female,"Economics,Molecular, Cellular, and Developmental Biology",Branford College,Banana pudding,Silliman College,Yes,"Yes, I am entering the workforce",,Yes,,No,,No,,Somewhat agree,Yes,Somewhat Substantial,Bass,,5,Yes,ECON 463,Chicken tenders
Finance,New York,Male,"Economics,History",Saybrook College,Tres Leches,Berkeley College,Yes,"Yes, I am entering the workforce","95,000",Yes,"10,000",Yes,No,No,,Somewhat disagree,No,,Sterling,,10,No,GLBL 771,pretzels and sandwich
Government,"Washington, DC",Female,"Ethics, Politics, and Economics",Berkeley College,Food truck grilled cheese,Timothy Dwight College,No,"Yes, I am entering the workforce","$45,000 ",No,,No,,Yes,Disagree,Disagree,No,,Sterling,,10,No,S&DS 238,Two vanilla chobani yogurts and a cliff bar
Academia/Research,California,Male,"Mathematics,Physics",Silliman College,Orzo with peas,Silliman College,No,"No, I am not entering the workforce",,,,No,,No,,Strongly agree,Yes,Substantial,Sterling,,6,No,PHYS 440,Samosas
Traveling,Los Angeles,Male,Political Science,Davenport College,Vegan Tacos,Davenport College,Yes,"No, I am not entering the workforce",,,,Yes,Yes,No,,Agree,No,,Sterling,,10,Yes,,
Academia/Research,"Not sure yet, but likely Hamburg, Germany",Female,Geology and Geophysics,Pierson College,falafel,Pierson College,No,"No, I am not entering the workforce",,,,Yes,Yes,No,,Strongly agree,Yes,Substantial,Sterling,,9,Yes,G&G 342,yogurt
Finance,New York City,Male,Economics,Berkeley College,Grilled cheeses,Berkeley College,No,"Yes, I am entering the workforce",90000,Yes,90000,No,,Yes,Strongly disagree,Somewhat disagree,No,,Sterling,,9,Yes,EVST 110,Italian sandwich roles 
Consulting,D.C.,Female,"Economics,Mechanical Engineering",Silliman College,Fried Calamari or Naan,Silliman College,No,"Yes, I am entering the workforce",,Yes,,No,,Yes,Agree,Agree,No,,Bass,,7,Yes,ENAS 400,On-the-go Meat/Cheese snack
Academia/Research,Boston,Male,"Economics,Molecular, Cellular, and Developmental Biology",Branford College,,Davenport College,No,"Yes, I am entering the workforce",37000,No,,No,,No,,Somewhat disagree,No,,Other (spill those secret study places),,9,Yes,MCDB 370,Chicken tenders
Arts,"Vancouver, Canada ",Male,History,Berkeley College,Berkeley Pizza,Berkeley College,No,"Yes, I am entering the workforce",Roughly $60K USD (83K CAD),No,,No,,No,,Disagree,No,,Sterling,,9,Yes,MUS 417,Huberts lemonade 
Finance,New York,Male,Economics,Ezra Stiles College,Stiles Pizza,Ezra Stiles College,No,"Yes, I am entering the workforce",80000,Yes,50000,No,,No,,Agree,No,,Sterling,,10,Yes,CPSC 365,Just drinks
Tech Industry,Wisconsin,Male,Philosophy,Trumbull College,Gouda Frittata ,Benjamin Franklin College,No,"Yes, I am entering the workforce",65000,Yes,5000,Yes,No,Yes,Agree,Somewhat agree,No,,Sterling,,10,No,HSAR 412,"Fritos, juice "
Academia/Research,Boston,Male,Neuroscience,Davenport College,Chicken Tenders,Davenport College,Yes,"No, I am not entering the workforce",,,,No,,No,,Agree,Yes,Substantial,Other (spill those secret study places),Common room,10,Yes,NSCI 160,Chicken Tenders
Tech Industry,Switzerland ,Female,Electrical Engineering and Computer Science,Davenport College,Miss Nellie’s Fried Chicken!,Silliman College,No,"Yes, I am entering the workforce","84,000",No,,No,,No,,Somewhat agree,No,,Sterling,,8,No,Cpsc 201 ,Samosas 
Consulting,Massachusetts (Boston),Female,Engineering Sciences (Mechanical),Berkeley College,Italian Wedding Soup,Timothy Dwight College,No,"Yes, I am entering the workforce",70000,No,,Yes,No,No,,Neither agree nor disagree,No,,Sterling,,9,No,ENAS 400,Yogurt
Academia/Research,New York,Female,"Literature, Comparative",Timothy Dwight College,Naan (back when they had it),Timothy Dwight College,No,"No, I am not entering the workforce",,,,No,,No,,Agree,No,,Sterling,,10,No,AMST 486,
Tech Industry,California ,Female,"Ethics, Politics, and Economics",Pauli Murray College,Fajitas ,Pauli Murray College,Yes,"Yes, I am entering the workforce","$185,000 ",Yes,"50,000",Yes,No,No,,Neither agree nor disagree,No,,Sterling,,10,Yes,CSES 310,Chicken tenders and Lemon Sweet Tea
Public Service/Nonprofit,New York,Female,History,Pierson College,Chicken Tenders,Pierson College,Yes,"Yes, I am entering the workforce","$65,000 ",Yes,"$15,000 ",Yes,Yes,No,,Agree,,,Sterling,,10,Yes,,Pirates Booty
No plans yet,Unclear as I am still looking for employment,Female,Political Science,Davenport College,"chicken tenders, obviously",Davenport College,No,"No, I am not entering the workforce",,,,No,,No,,Agree,No,,Sterling,,9,No,PLSC 111 when Jason Lyall was still teaching it ,noosa yoghurt
Other (Please specify),Connecticut,Male,Computing and the Arts,Pierson College,Brownie Pudding,Pierson College,Yes,"No, I am not entering the workforce",,,,No,,No,,Somewhat agree,Yes,Somewhat Substantial,Sterling,,9,No,EALL S360,I have never used a Durfee swipe.
Public Service/Nonprofit,,Female,Anthropology,Jonathan Edwards College,Kale Feta Meat Balls! ,Jonathan Edwards College,No,"Yes, I am entering the workforce",$45K-50K,No,,No,,No,,Strongly agree,Yes,Somewhat Insignificant,Sterling,,10,No,CSTC 300 Leadership as Behavior,bubbly
No plans yet,CT,Female,Psychology,Ezra Stiles College,,,No,"No, I am not entering the workforce",,,,No,,No,,Agree,Yes,Substantial,Bass,,7,No,PSYC 326,
,,,,,,,,,,,,,,,,,,,,,,,,
Tech Industry,Colorado ,Male,Cognitive Science,Pauli Murray College,,Timothy Dwight College,No,"Yes, I am entering the workforce",99000,No,,No,,No,,Agree,No,,Other (spill those secret study places),Koffee,7,No,ART 132,Kombucha & chocolate OR 7 avocados
Education,Boston ,Female,Psychology,Pauli Murray College,,Ezra Stiles College,Yes,"No, I am not entering the workforce",,,,No,,No,,Neither agree nor disagree,No,,Bass,,7,No,,
Finance,New York,Male,History,Pierson College,Finnish Pancakes,Pierson College,No,"Yes, I am entering the workforce",na,Yes,na,Yes,Yes,No,,Strongly disagree,No,,Sterling,,7,No,PLSC 134,Chicken tenders
Public Service/Nonprofit,,Female,American Studies,Saybrook College,Grilled cheese,Silliman College,No,"Yes, I am entering the workforce",,No,,No,,No,,Agree,Yes,Somewhat Insignificant,Sterling,,7,Yes,PLSC 233,Seltzer + chocolate
Tech Industry,Washington,Female,Cognitive Science,Berkeley College,Mashed potatoes,Berkeley College,No,"Yes, I am entering the workforce",110000,Yes,30000,No,,Yes,Strongly agree,Strongly agree,No,,Sterling,,8,No,CGSC 437,Amy’s Pesto Pasta Bowl and Carrots
Public Service/Nonprofit,New York City,Female,Political Science,Silliman College,Grilled cheese,Silliman College,No,"Yes, I am entering the workforce",49500,No,,No,,Yes,Agree,Agree,No,,Sterling,,8,Yes,Race politics and the law,
No plans yet,Canada,Female,Neuroscience,Branford College,Cheese Ravioli with Sage Butter,Davenport College,No,"No, I am not entering the workforce",,,,Yes,No,Yes,Agree,Strongly agree,Yes,Somewhat Substantial,Other (spill those secret study places),Donut Crazy,7,Yes,AFAM 170,Mesquite bbq chips
Consulting,"Boston, MA",Female,Political Science,Davenport College,Grilled cheese,Davenport College,No,"Yes, I am entering the workforce","60,000",Yes,"10,000",Yes,No,Yes,Strongly agree,Strongly agree,Yes,Somewhat Substantial,Sterling,,10,Yes,ANTH399,Gatorade
Finance,Virginia,Male,Electrical Engineering and Computer Science,Saybrook College,Grilled Cheese,Saybrook College,Yes,"Yes, I am entering the workforce",85000,Yes,24000,No,,Yes,Somewhat agree,Disagree,No,,Other (spill those secret study places),My room,8,Yes,G&G 275,Tenders combo
Public Service/Nonprofit,NY,Male,"History,Political Science",Timothy Dwight College,Ribs,Timothy Dwight College,No,"Yes, I am entering the workforce",50k,No,,No,,No,,Strongly disagree,Yes,Substantial,Sterling,,7,No,HUMS 352,N/A
Academia/Research,United Kingdom,Male,"Economics,Humanities",Berkeley College,Fried eggplant,Berkeley College,No,"No, I am not entering the workforce",,,,No,,No,,Neither agree nor disagree,Yes,Somewhat Insignificant,Sterling,,10,Yes,THST 291,CLIFF Bar
Academia/Research,"London, UK",Female,Neuroscience,Branford College,lentil soup,Branford College,No,"No, I am not entering the workforce",,,,No,,No,,Strongly agree,Yes,Substantial,Sterling,,9,No,HLTH 360,Chobani plain Greek yogurt 
Academia/Research,MA,Female,Geology and Geophysics,Silliman College,Morse/Stiles pizza ,Silliman College,No,"No, I am not entering the workforce",,,,Yes,Yes,No,,Strongly agree,No,,Sterling,,9,No,E&EB 255,
Finance,New York,Female,Economics,Trumbull College,Chicken Tenders ,Trumbull College,No,"Yes, I am entering the workforce",85000,Yes,15000,Yes,No,Yes,Agree,Agree,No,,Other (spill those secret study places),Donut Crazy,10,Yes,,
Academia/Research,New Haven,Female,English,Pauli Murray College,Chicken Tenders,Pauli Murray College,No,"No, I am not entering the workforce",,,,No,,No,,Agree,Yes,Somewhat Substantial,Other (spill those secret study places),My room,10,,," Blue Doritos x2, carrots, chocolate of some kind. "
Tech Industry,Massachusetts ,Female,"Ethics, Politics, and Economics",Jonathan Edwards College,Tres leches ,Jonathan Edwards College,Yes,"Yes, I am entering the workforce",75000,Yes,5000,No,,No,,Somewhat disagree,No,,Other (spill those secret study places),Upper Taft ,6,Yes,PLSC 391,Smoothie and chips 
Academia/Research,Michigan,Female,Chemistry,Timothy Dwight College,Tres Leches,Timothy Dwight College,No,"No, I am not entering the workforce",,,,Yes,No,No,,Somewhat agree,No,,Sterling,,10,No,ART 130,A  smoothie and kombucha
No plans yet,Florida,Female,Psychology,Morse College,Shrimp risotto,Morse College,No,"Yes, I am entering the workforce","$31,000 ",No,,No,,No,,Strongly agree,Yes,Somewhat Substantial,Other (spill those secret study places),Music library in sterling ,8,No,ER&M 226,
Arts,California,Female,"English,Sociology",Ezra Stiles College,New Orleans Style Baby Back Ribs,Ezra Stiles College,No,"No, I am not entering the workforce",,,,No,,No,,Strongly agree,No,,Sterling,,10,No,SOCY 202,Strawberries and orange blossom honey yogurt
Academia/Research,California,Female,"Molecular, Cellular, and Developmental Biology",Saybrook College,Grilled Cheese,Saybrook College,No,"No, I am not entering the workforce",,,,No,,No,,Neither agree nor disagree,Yes,Somewhat Substantial,Sterling,,9,Yes,MCDB 345,Three candy bars and coconut water
Academia/Research,Massachusetts,Female,"Molecular, Cellular, and Developmental Biology,Statistics and Data Science",Pauli Murray College,,Pauli Murray College,No,"No, I am not entering the workforce",,,,No,,No,,Agree,Yes,Substantial,Bass,,9,No,,
Academia/Research,New Hampshire ,Female,Astrophysics,Silliman College,,Silliman College,No,"No, I am not entering the workforce",,,,No,,No,,Strongly agree,No,,Sterling,,7,No,ANTH 399,Core Power Protein Shakes
Other (Please specify),California or New York,Female,English,Silliman College,Salmon,Silliman College,No,,,,,No,,No,,Somewhat agree,No,,Other (spill those secret study places),CEID,8,Yes,CPSC 183,Sushi...before they took it away.
Consulting,DC,Female,Applied Mathematics,Pierson College,,Pierson College,No,"Yes, I am entering the workforce",,Yes,,No,,No,,Agree,Yes,Somewhat Substantial,Bass,,7,Yes,MATH 300,
Law,New York,Female,English,Trumbull College,Chicken tenders,Trumbull College,No,"Yes, I am entering the workforce","50,000",Yes,"10,000",No,,No,,Disagree,No,,Sterling,,7,No,ENGL 453,Three yogurts
Tech Industry,Michigan,Male,Mechanical Engineering,Morse College,Morse Pizza,Morse College,No,"Yes, I am entering the workforce","72,000",Yes,"7,000",No,,No,,Neither agree nor disagree,No,,Other (spill those secret study places),CEID,8,No,ENAS 118,"chicken tenders, banana and awake chocolates"
Finance,New York,Female,Economics,Pierson College,Pumpkin pie,Branford College,No,"Yes, I am entering the workforce",,Yes,,No,,No,,Agree,No,,Sterling,,10,No,ECON 474,Dark chocolate and coconut water
Academia/Research,Rhode Island,Female,Environmental Studies,Davenport College,Plantains ,Davenport College,No,"No, I am not entering the workforce",,,,Yes,No,No,,Somewhat agree,Yes,Somewhat Substantial,Other (spill those secret study places),Davenport library,9,Yes,E&EB 264,
Health,Florida,Male,Neuroscience,Saybrook College,Salmon,Saybrook College,Yes,"No, I am not entering the workforce",,,,No,,Yes,Neither agree nor disagree,Somewhat disagree,No,,Sterling,,8,Yes,SWAH 140,Tenders and Chobani
No plans yet,MA,Male,"Astronomy,Music",Saybrook College,Cape shark,Saybrook College,No,"Yes, I am entering the workforce",Uncertain. Depends what jobs are available under coronavirus.,No,,No,,No,,Neither agree nor disagree,Yes,Somewhat Substantial,Sterling,,4,No,MUSI 352,Chicken tenders
Academia/Research,Massachusetts ,Male,Chemical Engineering,Jonathan Edwards College,Buffalo Chicken Wings,Jonathan Edwards College,,"No, I am not entering the workforce",,,,No,,No,,Somewhat agree,Yes,Somewhat Substantial,Other (spill those secret study places),17 Hillhouse,7,No,CHEM 333,chicken tenders + buffalo sauce + 2 babybel
Finance,Illinois,Male,Applied Mathematics,Jonathan Edwards College,Macaroni and cheese ,Berkeley College,No,"Yes, I am entering the workforce",115000,Yes,25000,No,,No,,Agree,No,,Other (spill those secret study places),My room ,4,No,ENGL 121 (Ehrgood),Naked Smoothie and chocolate 
Academia/Research,Connecticut,Female,Computing and the Arts,Davenport College,Chicken Tenders,Davenport College,Yes,"Yes, I am entering the workforce","49,500",No,,No,,No,,Agree,No,,Other (spill those secret study places),Davenport Library Carrels,10,Yes,THST 315,2 Chicken Ramen & Cheese Slices
Tech Industry,California,Male,"Electrical Engineering,Political Science",Pierson College,Grilled Cheese,Berkeley College,Yes,"Yes, I am entering the workforce",110000,Yes,50000,No,,No,,Disagree,No,,Other (spill those secret study places),My Room,9,No,PLSC 445,Amy's Mac and Cheese
Consulting,District of Columbia ,Male,Political Science,Ezra Stiles College,Shrimp Pizza,Ezra Stiles College,No,"Yes, I am entering the workforce","$74,000 ",Yes,"$17,000 ",No,,No,,Strongly agree,No,,Other (spill those secret study places),Rosenkranz,10,Yes,PLSC 410: Political Protests,Water & yogurt
No plans yet,New Jersey,Female,Political Science,Jonathan Edwards College,Banana pudding ,Grace Hopper College,No,"No, I am not entering the workforce",,,,No,,No,,Somewhat agree,Yes,Somewhat Substantial,Other (spill those secret study places),Kroon Hall,8,Yes,HUMS 205,PB&J
Consulting,Massachusetts,Male,Economics,Jonathan Edwards College,Tenders,Jonathan Edwards College,No,"Yes, I am entering the workforce",110000,Yes,15000,No,,No,,Agree,No,,Sterling,,7,Yes,,Tenders
Education,Pakistan,Nonbinary,English,Morse College,,Davenport College,No,"Yes, I am entering the workforce",,Yes,,No,,No,,Strongly disagree,No,,Bass,,9,No,ENGL 449 / ENGL 196,Tenders chips and water
Academia/Research,CA,Female,Chemistry,Trumbull College,Bagel Brunch,Morse College,No,"Yes, I am entering the workforce",65000,Yes,3000,No,,No,,Somewhat disagree,Yes,Somewhat Insignificant,Sterling,,10,No,CHEM 163,Tangerines
Consulting,New York City,Male,"Computer Science,Statistics and Data Science",Pierson College,Sweet Potato Fries,Pierson College,Yes,"Yes, I am entering the workforce",70000,Yes,10000,No,,No,,Somewhat agree,No,,Bass,,10,Yes,ENGL 450,"Tenders, Naked Juice"
Government,Singapore,Female,Anthropology,Ezra Stiles College,,Ezra Stiles College,No,"Yes, I am entering the workforce",50K,Yes,unsure,No,,No,,Agree,No,,Other (spill those secret study places),,8,No,,
Academia/Research,United Kingdom,Male,Humanities,Silliman College,Pork Chili Verde,Silliman College,No,"No, I am not entering the workforce",,,,No,,No,,Somewhat agree,Yes,Somewhat Insignificant,Sterling,,10,No,,Combo meal with tenders
Academia/Research,"Boston, Massachusetts ",Male,American Studies,Berkeley College,Buffalo chicken pizza,Silliman College,No,"No, I am not entering the workforce",,,,Yes,Yes,Yes,Somewhat agree,Somewhat agree,Yes,Somewhat Insignificant,Sterling,,6,Yes,GLBL 392,Core powers
Consulting,California,Male,"Economics,Molecular, Cellular, and Developmental Biology",Branford College,Mac and Cheese,Silliman College,No,,,,,No,,No,,Neither agree nor disagree,No,,Sterling,,9,Yes,PLSC 257,
Government,South Carolina,Male,"Mathematics,Physics",Benjamin Franklin College,Salmon,Benjamin Franklin College,No,"Yes, I am entering the workforce",75k (USD),Yes,15k (USD),No,,No,,Strongly agree,No,,Other (spill those secret study places),my suite,6,No,ENGL 114,Cafe Spice Chicken Tikka baby
Health,Pennsylvania,Female,"Molecular, Biophysics and Biochemistry",Benjamin Franklin College,Salmon,Ezra Stiles College,No,"No, I am not entering the workforce",,,,No,,No,,Somewhat agree,Yes,Somewhat Substantial,Bass,,8,No,ENGL 121,Any type of berry
Academia/Research,Connecticut,Male,Economics and Mathematics,Davenport College,morse pizza..im basic ik ,Davenport College,No,"Yes, I am entering the workforce",,No,,No,,No,,Somewhat agree,No,,Other (spill those secret study places),haas,4,No,HUMS 212,tuna fish sandwich with that honey flavored yoghurt in a pretty blue pot oh my i miss my blue pot yoghurt :(
Academia/Research,MA,Female,Psychology,Davenport College,,,No,"Yes, I am entering the workforce",34000,No,,No,,No,,Somewhat disagree,No,,Sterling,,8,No,PSYC 308,
Government,DC,Male,Political Science,Davenport College,Dinosaur Mac and cheese,Davenport College,Yes,"Yes, I am entering the workforce","35,000",No,,No,,No,,Somewhat agree,Yes,Somewhat Insignificant,Bass,,9,No,,
Public Service/Nonprofit,Connecticut,Male,History,Ezra Stiles College,North Carolina Pulled Pork,Ezra Stiles College,Yes,"Yes, I am entering the workforce","40,000",No,,No,,No,,Neither agree nor disagree,No,,Bass,,8,No,HIST 271,"Sandwich, chips, water, fruit"
No plans yet,Connecticut,Male,"Chemistry,Molecular, Biophysics and Biochemistry",Branford College,,Ezra Stiles College,No,,,,,No,,No,,Strongly agree,No,,,,3,No,ER&M 200,
Academia/Research,United Kingdom,Female,History,Grace Hopper College,Chicken Tikka Masala ,Grace Hopper College,No,"No, I am not entering the workforce",,,,No,,Yes,Somewhat agree,Somewhat agree,Yes,Substantial,Sterling,,9,No,,
No plans yet,Texas,Male,English,Davenport College,Chicken tenders,Morse College,No,"No, I am not entering the workforce",,,,No,,Yes,Disagree,Disagree,Yes,Somewhat Insignificant,Sterling,,10,No,RLST 168,Tendies
Finance,New York,Female,Political Science,Grace Hopper College,Oatmeal or silliman roasted broccoli or Caesar salad in new dining halls,Grace Hopper College,No,"Yes, I am entering the workforce","$85,000 ",Yes,Unsure of amount ,Yes,No,No,,Strongly disagree,No,,Sterling,,8,Yes,,"Gatorade zero, kombucha, almond butter sachet  "
Tech Industry,California,Female,Electrical Engineering and Computer Science,Davenport College,apple walnut bread,Davenport College,Yes,"Yes, I am entering the workforce","$105,000 ",Yes,"$20,000 ",No,,No,,Neither agree nor disagree,No,,Other (spill those secret study places),CEID,10,No,,
Government,Washington DC,Male,"Political Science,Statistics and Data Science",Timothy Dwight College,,Timothy Dwight College,No,"Yes, I am entering the workforce",45000,No,,No,,No,,Strongly agree,No,,Bass,,8,No,,
Consulting,New York,Male,Mathematics and Philosophy,Branford College,The dumplings they stopped serving regularly after my first year,Branford College,No,"Yes, I am entering the workforce","$90,000 ",Yes,"$10,000 ",No,,No,,Strongly agree,Yes,Somewhat Substantial,Other (spill those secret study places),My bed,8,No,HSAR 414,Egg salad sandwich + Herbert's lemonade
Government,New York ,Male,History,Branford College,Chicken Schnitzel ,Silliman College,No,"Yes, I am entering the workforce",44000,No,,No,,No,,Somewhat agree,No,,Other (spill those secret study places),Haas,8,Yes,HIST 196J,3 double espresso drinks
No plans yet,Vermont ,Female,English,Morse College,,Morse College,No,"No, I am not entering the workforce",,,,No,,No,,Somewhat agree,No,,Sterling,,6,No,,Microwave popcorn 
Academia/Research,Israel,Female,History,Pierson College,Ramen,Benjamin Franklin College,No,"No, I am not entering the workforce",,,,No,,No,,Agree,Yes,Substantial,Sterling,,9,No,HIST 271 Intellectual History ,
Finance,CT,Female,Mathematics and Philosophy,Timothy Dwight College,Peanutty tofu,Morse College,No,"Yes, I am entering the workforce","75,000",Yes,"7,500",No,,No,,Somewhat agree,Yes,Somewhat Insignificant,Sterling,,9,Yes,MUSI233,2 naked smoothies
,,,,,,,,,,,,,,,,,,,,,,,,
Academia/Research,UK,Male,Political Science,Branford College,l,Ezra Stiles College,No,"No, I am not entering the workforce",,,,No,,No,,Strongly disagree,No,,Sterling,,8,Yes,,Tenders
Health,U.K.,Female,Cognitive Science,Pierson College,Kale Feta Meatballs,Pierson College,Yes,"No, I am not entering the workforce",,,,Yes,No,No,,Strongly disagree,Yes,Somewhat Substantial,Sterling,,10,Yes,CSTD 300 (Medicine and Humanities),"Almonds, hummus pack, iced coffee"
Education,New York,Male,Political Science,Berkeley College,,Berkeley College,No,"Yes, I am entering the workforce",50000,No,,No,,No,,Somewhat agree,Yes,Somewhat Insignificant,Sterling,,8,No,PSYC128,chicken tenders
Academia/Research,Connecticut,Female,"Molecular, Cellular, and Developmental Biology",Pauli Murray College,Turkey Bistro Burger,Davenport College,No,"Yes, I am entering the workforce","37,000",No,,No,,No,,Strongly disagree,No,,Sterling,,10,Yes,AFAM 170,the sprouted grain vegan buffalo tofu sandwich
Consulting,Washington State (Seattle),Male,History,Timothy Dwight College,Grilled cheese,Timothy Dwight College,No,"Yes, I am entering the workforce",90000,Yes,15000,Yes,No,Yes,Strongly disagree,Strongly disagree,No,,Sterling,,9,No,ENGL 379,"Berry smoothie, cliff bar, mini toblerone to get to $9"
Academia/Research,England,Female,English,Davenport College,Mac and cheese,Davenport College,No,"No, I am not entering the workforce",,,,No,,No,,Somewhat agree,Yes,Substantial,Sterling,,7,No,Hums 237,I don’t understand the question 
Other (Please specify),Washington DC,Female,Mechanical Engineering,Pauli Murray College,,,No,"Yes, I am entering the workforce",50000,No,,No,,No,,Strongly agree,No,,,,8,Yes,,tenders
Academia/Research,,Female,Biomedical Engineering,Benjamin Franklin College,Oatmeal cookies,Silliman College,No,"No, I am not entering the workforce",,,,No,,No,,Somewhat agree,Yes,Somewhat Substantial,Bass,,7,No,AMST 234,Popcorners
Consulting,California,Female,"Economics and Mathematics,Ethnicity, Race, and Migration",Timothy Dwight College,Banana Fritters,Timothy Dwight College,No,"Yes, I am entering the workforce","$80,000 ",Yes,"$24,000 ",No,,No,,Agree,Yes,Somewhat Insignificant,Sterling,,9,Yes,AFST 333,"Hot take, I never swipe at Durfee's"
Arts,Chicago,Female,Architecture,Grace Hopper College,Chocolate cake with chocolate ganache,Morse College,No,"No, I am not entering the workforce",,,,No,,No,,Somewhat agree,Yes,Somewhat Insignificant,Sterling,,8,No,ARCH 251b,"yogurt, raspberries, ghiradelli"
No plans yet,,Female,"Ethnicity, Race, and Migration",Ezra Stiles College,Stiles pizza!,Ezra Stiles College,No,"No, I am not entering the workforce",,,,No,,No,,Agree,Yes,Somewhat Substantial,Sterling,,7,No,,
Tech Industry,Connecticut,Nonbinary,Psychology,Branford College,MY/BD salami honey pizza,Berkeley College,No,"Yes, I am entering the workforce","38,000",No,,No,,No,,Somewhat agree,No,,Other (spill those secret study places),CEID meeting rooms,7,Yes,PSYC 326,
Law,CT,Male,"Ethics, Politics, and Economics",Morse College,calamari (bring it back!) or the salmon,Morse College,No,"No, I am not entering the workforce",,,,No,,Yes,Somewhat agree,Somewhat agree,Yes,Somewhat Substantial,Bass,,8,No,GLBL 575,avocados
Other (Please specify),"New Haven, CT",Female,Neuroscience,Silliman College,key lime pie,Silliman College,No,"No, I am not entering the workforce",,,,No,,Yes,Somewhat agree,Somewhat agree,No,,Sterling,,10,Yes,NSCI 352,salsa and a bunch of tiny tostitos bags
Public Service/Nonprofit,Estonia,Female,"Applied Mathematics,Ecology and Evolutionary Biology",Pierson College,food truck style grilled cheese,Pierson College,No,"No, I am not entering the workforce",,,,No,,No,,Somewhat agree,Yes,Somewhat Substantial,Sterling,,8,No,MENG 361,kombucha + carrots
Finance,New York,Male,"Economics,Statistics and Data Science",Silliman College,Food Truck Style Grilled Cheese,Silliman College,Yes,"Yes, I am entering the workforce",85000,Yes,10000,No,,No,,Strongly disagree,Yes,Insignificant,Sterling,,9,Yes,ECON 360,Tendies
No plans yet,,Male,"Molecular, Biophysics and Biochemistry",Jonathan Edwards College,Kale and Feta Meatballs,Silliman College,No,"No, I am not entering the workforce",,,,No,,No,,Somewhat agree,No,,Other (spill those secret study places),JE library,0,Yes,ENGL 150,
No plans yet,Connecticut,Female,History,Saybrook College,,Saybrook College,No,"No, I am not entering the workforce",,,,No,,Yes,Somewhat disagree,Agree,No,,Sterling,,9,Yes,HIST 307,"Pistachios, barbecue chips, dr. Pepper, two roltinis (and be on the 14-meal plan so you can go over on your durfee's swipe)"
Public Service/Nonprofit,Washington DC,Male,"Molecular, Cellular, and Developmental Biology",Davenport College,thai chicken curry soup,Davenport College,No,"Yes, I am entering the workforce",30000,No,,No,,No,,Strongly agree,Yes,Substantial,Sterling,,7,Yes,AFAM 305,grapes
Finance,NYC,Male,Economics,Silliman College,Food Truck Grilled Cheese ,Silliman College,No,"Yes, I am entering the workforce",$85k,Yes,$15-20k,Yes,Yes,No,,Disagree,No,,Sterling,,8,No,HSAR 110,Chicken tenders
Consulting,"New York, NY or San Juan, PR",Female,History,Jonathan Edwards College,Matzo Ball Soup,Jonathan Edwards College,No,"Yes, I am entering the workforce","80,000",Yes,"5-20,000",No,,No,,Agree,Yes,Somewhat Insignificant,Other (spill those secret study places),Curtis-Curtiss,8,No,ENGL 130,Cracker Barrel white cheddar
No plans yet,,Male,Mathematics,Silliman College,Gnocchi from Freshman Year,Silliman College,No,,,,,No,,Yes,Agree,Agree,Yes,Somewhat Insignificant,Sterling,,10,Yes,MUSI 232,Chicken tenders and cheese
No plans yet,CT,Female,Statistics and Data Science,Pauli Murray College,corn casserole,Silliman College,No,"No, I am not entering the workforce",,,,No,,No,,Agree,No,,Other (spill those secret study places),Steep,8,No,PSYC 110,2 Naked Juices
Academia/Research,Massachusetts,Male,"Economics and Mathematics,Statistics and Data Science",Morse College,Fried Naan,Morse College,No,"Yes, I am entering the workforce","63,000",No,,No,,Yes,Somewhat agree,Somewhat agree,No,,Sterling,,9,No,MATH 225,tendies
No plans yet,"Washington, DC",Female,English,Grace Hopper College,,Silliman College,No,"Yes, I am entering the workforce",,No,,No,,No,,Disagree,No,,Other (spill those secret study places),Hendrie Hall,7,No,ENGL 265,chocolate almonds and cheddar bunnies
Academia/Research,"Cambridge, UK",Male,English,Davenport College,Quiche,Davenport College,Yes,"No, I am not entering the workforce",,,,No,,No,,Agree,Yes,Somewhat Insignificant,Sterling,,10,Yes,ENGL 469,tendies
Academia/Research,New Haven,Female,"Geology and Geophysics,Global Affairs",Timothy Dwight College,grilled cheese,Timothy Dwight College,No,"No, I am not entering the workforce",,,,Yes,No,No,,Agree,No,,Sterling,,9,Yes,ENGL 127,chocolate
Other (Please specify),California,Male,Political Science,Silliman College,Yale Creamy Macaroni & Cheese,Silliman College,No,"Yes, I am entering the workforce",unsure (internship),No,,No,,No,,Strongly agree,No,,Other (spill those secret study places),acorn,9,Yes,ENGL 121,chicken caesar salad
No plans yet,Illinois,Male,Environmental Engineering,Saybrook College,Yale Chocolate Cake,Saybrook College,No,"Yes, I am entering the workforce","40,000",No,,No,,No,,Disagree,Yes,Somewhat Insignificant,Sterling,,8,Yes,ENAS 400,Chicken tikka masala frozen things
Education,"New Haven, CT",Male,"Women's, Gender, and Sexuality Studies",Berkeley College,"Chicken tenders, duh.",Berkeley College,No,"Yes, I am entering the workforce","50,000",No,,No,,Yes,Agree,Agree,Yes,Somewhat Insignificant,Other (spill those secret study places),St. Anthony Hall,8,No,FILM 232,Durfee’s is a scam.
Academia/Research,California,Female,Chemical Engineering,Morse College,Chicken Tenders!,Morse College,No,"No, I am not entering the workforce",,,,No,,No,,Neither agree nor disagree,No,,Other (spill those secret study places),Blue State,8,Yes,RLST 102,Panera Mac and cheese 
Academia/Research,Boston,Female,Psychology,Pauli Murray College,Grilled cheese,Pauli Murray College,No,"No, I am not entering the workforce",,,,No,,No,,Somewhat agree,No,,Other (spill those secret study places),SOM,9,No,PSYC 141,Mac and cheese
Education,New Jersey ,Female,Environmental Studies,Trumbull College,Chicken Fajitas and Tres Leches,Silliman College,Yes,"Yes, I am entering the workforce","$45,000 ",No,,No,,No,,Agree,No,,Bass,,10,No,HUMS 411,"Chobani Yogurt, cheese stick, and awake chocolate bars"
Finance,New York,Female,Economics,Pauli Murray College,,Morse College,No,"Yes, I am entering the workforce",85000,Yes,17000,No,,No,,Somewhat agree,No,,Sterling,,9,Yes,,
Finance,New York,Female,Economics,Morse College,Chicken Tenders ,Morse College,Yes,"Yes, I am entering the workforce","83,300",Yes,"7,000",No,,No,,Strongly disagree,No,,Sterling,,9,Yes, ,"Strawberry Chobani yogurt, lemon lime seltzer, chips/chocolate "
Government,Ohio,Male,Computer Science,Morse College,Mac and cheese,Berkeley College,No,"Yes, I am entering the workforce",54000,No,,No,,No,,Agree,Yes,Somewhat Substantial,Other (spill those secret study places),Morse library,8,No,PLSC 172,mac n cheese bowls
Arts,Connecticut,Female,English,Benjamin Franklin College,Food truck style grilled cheese,Silliman College,Yes,"No, I am not entering the workforce",,,,No,,Yes,Agree,Agree,No,,Bass,,8,No,ENGL 411,"Ham & Swiss sandwich, classic Lays potato chips, Vitamin Water dragonfruit"
Finance,"New York, New York ",Male,"Economics,Political Science",Morse College,Chicken tenders,Morse College,No,"Yes, I am entering the workforce",95000,Yes,20000,Yes,No,No,,Neither agree nor disagree,No,,,,10,Yes,PLSC 236,PB&J and Gatorade 
Tech Industry,California,Male,Cognitive Science,Grace Hopper College,Grilled Cheese,Grace Hopper College,No,"Yes, I am entering the workforce",125000,No,,No,,No,,Disagree,No,,Sterling,,9,Yes,,
No plans yet,California,Male,English,Jonathan Edwards College,Chicken Parmesan,Jonathan Edwards College,No,"Yes, I am entering the workforce",I don't yet know,No,,No,,No,,Strongly agree,Yes,Somewhat Insignificant,Other (spill those secret study places),Taft (JE library),8,No,ENGL 469,"Naked juice, multigrain chips, banana, chocolates "
Academia/Research,Mississippi,Male,"Mathematics,Physics",Silliman College,Tres leches,Silliman College,No,"Yes, I am entering the workforce",60000,No,,No,,No,,Disagree,No,,Other (spill those secret study places),Ceid,7,Yes,ASTR 255,"On-the-go, yogurt, san pelligrino orange juice"
Government,Boston,Male,Global Affairs,Ezra Stiles College,Buffalo Chicken Pizza,Ezra Stiles College,No,"No, I am not entering the workforce",,,,Yes,Yes,No,,Disagree,Yes,Substantial,Sterling,,10,Yes,GLBL 460,Chicken Tenders
Public Service/Nonprofit,California ,Female,History,Davenport College,Chicken tenders!,Davenport College,No,"No, I am not entering the workforce",,,,No,,Yes,Agree,Somewhat agree,Yes,Somewhat Substantial,Sterling,,8,Yes,ENGL 120,Kombucha and baby bell
Academia/Research,"Washington, DC",Male,Astrophysics,Pauli Murray College,Chicken Tenders,Pauli Murray College,No,"Yes, I am entering the workforce",60000,No,,No,,No,,Somewhat agree,No,,Other (spill those secret study places),Department Coffee Lounge,8,No,ASTR 255,Batteries and Kombucha 
Academia/Research,Connecticut,Male,Psychology,Pauli Murray College,Cheesecake Bars,Silliman College,No,"Yes, I am entering the workforce",41200,No,,No,,No,,Somewhat disagree,No,,Sterling,,9,No, WGSS 200 or CSGH 380,Samosas
Arts,Connecticut,Male,Film and Media Studies,Saybrook College,Food Truck Style Grilled Cheese,Saybrook College,No,"Yes, I am entering the workforce","50,000",No,,No,,No,,Agree,Yes,Somewhat Substantial,Other (spill those secret study places),Suite,8,Yes,FILM 493,Chicken Tenders
Public Service/Nonprofit,Maryland,Female,History,Jonathan Edwards College,Grilled Cheese Sandwich ,Jonathan Edwards College,No,"Yes, I am entering the workforce","43,000",Yes,"2,000",No,,No,,Strongly agree,No,,Sterling,,9,Yes,HIST 254,Cheese and Crackers
Public Service/Nonprofit,Michigan,Female,Music,Morse College,Kale and feta meatballs,Morse College,No,"Yes, I am entering the workforce",42000,No,,No,,No,,Agree,No,,Other (spill those secret study places),STM,9,No,AMST 116 or ENGL 406 or MUSI 335,Samosas or 3 Clif bars and a special K bar
Arts,Connecticut,Nonbinary,Architecture,Davenport College,Vegan Chicken,Silliman College,No,"No, I am not entering the workforce",,,,No,,Yes,Somewhat agree,Strongly agree,No,,Other (spill those secret study places),Haas,4,Yes,ARCH 162,Panera soup
Public Service/Nonprofit,Florida,Male,Ecology and Evolutionary Biology,Saybrook College,Chicken Tenders,Saybrook College,No,"No, I am not entering the workforce",,,,No,,Yes,Neither agree nor disagree,Neither agree nor disagree,Yes,Somewhat Substantial,Bass,,8,No,,
Arts,New York City,Female,English,Timothy Dwight College,Oatmeal ,Timothy Dwight College,No,"Yes, I am entering the workforce","$38,000 ",Yes,"$2,000 ",No,,No,,Neither agree nor disagree,Yes,Substantial,Bass,,7,Yes,A toss up! HSHM 465; ENGL 358; ENGL S247 ,"Yogurt, fruit, dark chocolate, cold brew"
No plans yet,,Female,Anthropology,Pierson College,Foodtruck style grilled cheese,Pierson College,Yes,"Yes, I am entering the workforce","40,000",No,,No,,No,,Somewhat agree,No,,Other (spill those secret study places),Kroon Hall,9,Yes,ANTH 455,"Popcorn, cashews, and dried mango"
No plans yet,Unsure,Male,Global Affairs,Grace Hopper College,Chicken Tikka Masala,Grace Hopper College,No,"Yes, I am entering the workforce",Unknown at this time,No,,No,,No,,Strongly agree,No,,Sterling,,5,Yes,ECON 170,Tendies ofc
Tech Industry,California,Male,"Computer Science,Statistics and Data Science",Jonathan Edwards College,Calamari,Jonathan Edwards College,No,"Yes, I am entering the workforce",130000,Yes,65000,No,,No,,Neither agree nor disagree,No,,Other (spill those secret study places),SOM,7,Yes,MATH 225,Chicken Tikka Masala
Arts,"Los Angeles, CA",Female,Theater Studies,Pierson College,Yale Mac and Cheese,Silliman College,Yes,"Yes, I am entering the workforce",no clue,No,,No,,No,,Strongly agree,Yes,Substantial,Sterling,,7,No,THST 315,hummus & olives platter + coffee
Public Service/Nonprofit,"Bronx, NY",Female,"Ethnicity, Race, and Migration",Trumbull College,Bibimbap bowls ,Trumbull College,No,"Yes, I am entering the workforce","45,000",Yes,"1,000",No,,Yes,Somewhat agree,Strongly agree,No,,Bass,,6,No,WGSS 590,Samosas 
Education,Michigan ,Female,"Architecture,Engineering Sciences (Mechanical)",Berkeley College,Mac n cheese,Berkeley College,No,"Yes, I am entering the workforce","30,000",No,,No,,No,,Somewhat agree,Yes,Somewhat Substantial,Sterling,,8,No,FILM 232,"Noosa, vitamin water, awake chocolate "
Education,Texas,Male,"Ethics, Politics, and Economics",Ezra Stiles College,Mother's Beef Brisket,Ezra Stiles College,Yes,"Yes, I am entering the workforce",54000,No,,No,,No,,Neither agree nor disagree,No,,Sterling,,8,Yes,STCY 115,"Almonds, Awake Bars, and Vitamin Water"
Tech Industry,"San Francisco, CA",Female,"Molecular, Cellular, and Developmental Biology",Branford College,anything with shrimp and pasta,Pauli Murray College,No,"Yes, I am entering the workforce",65K,Yes,idk,Yes,No,Yes,Disagree,Disagree,Yes,Somewhat Substantial,Other (spill those secret study places),donut crazy,9,Yes,PLSC 257,buffalo chicken wrap 
Academia/Research,Connecticut,Female,Environmental Studies,Grace Hopper College,sweet potato fries,Grace Hopper College,No,"No, I am not entering the workforce",,,,Yes,Yes,Yes,Somewhat agree,Agree,Yes,Somewhat Substantial,Sterling,,9,Yes,F&ES 807 Corporate Environmental Management and Strategy,kombucha and cauliflower puffs
Tech Industry,San Francisco,Male,Computer Science,Davenport College,Foot-truck Style Grilled Cheese,Davenport College,No,"Yes, I am entering the workforce",133000,Yes,25000,No,,No,,Somewhat agree,No,,Bass,,9,Yes,PHIL 715,Chicken tenders and Tazo Peach Tea
Finance,Minnesota,Male,Economics,Benjamin Franklin College,Ramen,Branford College,No,"Yes, I am entering the workforce",,Yes,,No,,No,,Agree,No,,Sterling,,9,Yes,,tendies
,,,,,,,,,,,,No,,No,,,No,,,,,,,
Consulting,San Francisco,Female,Biomedical Engineering,Pierson College,,Saybrook College,No,"Yes, I am entering the workforce",,Yes,,Yes,No,Yes,Agree,Agree,No,,Sterling,,10,Yes,PLSC 247,
Tech Industry,unsure,Male,Engineering Sciences (Mechanical),Benjamin Franklin College,Chicken Tenders,Timothy Dwight College,No,"Yes, I am entering the workforce",unsure,No,,No,,No,,Somewhat agree,No,,Bass,,7,No,CSBF 310,I used a Durfee's swipe less than five times ever
No plans yet,No idea,Male,"Ethics, Politics, and Economics",Trumbull College,Chicken Parmesan ,Trumbull College,No,"Yes, I am entering the workforce",no idea,No,,No,,No,,Somewhat agree,No,,Other (spill those secret study places),Law Library,10,No,EP&E 227,Yes
Law,DC,Male,History,Pierson College,Tres Leches,Trumbull College,No,"Yes, I am entering the workforce",45000,No,,Yes,No,No,,Agree,Yes,Somewhat Insignificant,Sterling,,8,Yes,HIST 119,F Durfees
Public Service/Nonprofit,D.C.,Male,"Economics,History",Davenport College,Yale Creamy Mac & Cheese,Davenport College,No,"Yes, I am entering the workforce",50000,No,,Yes,No,No,,Strongly disagree,Yes,Somewhat Substantial,Sterling,,10,Yes,HIST 202,
Finance,"Washington, DC",Female,"Economics,History",Silliman College,grilled cheese and tomato soup,Silliman College,Yes,"Yes, I am entering the workforce","75,000",Yes,unsure,No,,No,,Neither agree nor disagree,No,,Sterling,,8,Yes,HIST 447J Global History of WWII,blueberries + justins almond butter 
Consulting,DC,Female,Global Affairs,Branford College,Olive oil pear cake,Berkeley College,Yes,"Yes, I am entering the workforce","88,000",Yes,"14,500",No,,No,,Agree,Yes,Somewhat Insignificant,Bass,,8,Yes,ER&M 221,"cheese, crackers, and nuts packet and hummus/carrots"
Arts,Maryland,Male,Psychology,Benjamin Franklin College,Korean Fried Chicken,Silliman College,No,"Yes, I am entering the workforce","$14,000 ",No,,No,,No,,Somewhat agree,Yes,Substantial,Bass,,7,No,AFAM 125,
Academia/Research,Boston/Cambridge,Male,"Molecular, Biophysics and Biochemistry",Branford College,,Silliman College,No,"Yes, I am entering the workforce","$45,000 ",No,,No,,No,,Strongly agree,No,,Other (spill those secret study places),"Empty classrooms (OML, LC, PH, etc)",4,Yes,HSHM 481,Banana + Noosa + Cliff Bar + Toblerone 
Arts,United States,Female,Theater Studies,Morse College,Brownie Pudding,Morse College,No,"Yes, I am entering the workforce",,No,,No,,Yes,Strongly agree,Strongly agree,No,,Sterling,,9,Yes,THST 308,
No plans yet,,Female,Cognitive Science,Saybrook College,Grilled Cheese,Saybrook College,No,"No, I am not entering the workforce",,,,Yes,No,No,,Somewhat agree,Yes,Somewhat Insignificant,Other (spill those secret study places),Haas,8,Yes,CSTC 300,grapes and pop corners
Other (Please specify),New York,Male,Global Affairs,Davenport College,"Berkeley dining (not a dish, I know)",Berkeley College,Yes,"Yes, I am entering the workforce",,,,No,,No,,Neither agree nor disagree,Yes,Somewhat Insignificant,Sterling,,9,Yes,CSSY 300,Coke Zero 
Arts,New York City,Female,American Studies,Morse College,multigrain pancakes,Morse College,No,"No, I am not entering the workforce",,,,No,,No,,Somewhat agree,Yes,Substantial,Other (spill those secret study places),Coffee shop,10,Yes,HSAR 110 (whatever Barringer's intro class was),Jalapeno pop chips & Clif bar
Academia/Research,,Female,Sociology,Branford College,,Berkeley College,No,"No, I am not entering the workforce",,,,No,,No,,Somewhat agree,No,,Sterling,,7,No,,
Other (Please specify),"Markopoulo, Greece",Female,History,Berkeley College,the spinach and cheese taquitos / quesadilla rolls... and the warm lentils.,Berkeley College,Yes,"Yes, I am entering the workforce","15,000",No,,Yes,No,No,,Agree,Yes,Somewhat Substantial,Sterling,,10,Yes,HIST 188,yogurt
Public Service/Nonprofit,Hawaii ,Female,Environmental Studies,Jonathan Edwards College,Lentils,Silliman College,No,"No, I am not entering the workforce",,,,Yes,No,No,,Neither agree nor disagree,No,,Sterling,,8,Yes,E&EB 255,MangoS and black coffee 
Public Service/Nonprofit,Hawaii,Male,"Environmental Studies,History",Pierson College,Lentils,Silliman College,No,"No, I am not entering the workforce",,,,Yes,No,No,,Somewhat agree,Yes,Insignificant,Sterling,,8,Yes,EVST255,N/A
Finance,New York,Male,Political Science,Morse College,,Berkeley College,No,,,,,Yes,Yes,No,,Neither agree nor disagree,Yes,Somewhat Insignificant,Sterling,,10,Yes,,
Tech Industry,California,Female,"Computer Science,Religious Studies",Pierson College,Bok Choy Tofu Stir Fry,Pierson College,No,"Yes, I am entering the workforce",140000,Yes,14000,No,,No,,Somewhat disagree,No,,Other (spill those secret study places),Yale Law School Library,9,No,RLST 342,Microwave Quinoa and Cold Brew
Tech Industry,New York,Female,Computer Science,Pierson College,brunch quiche ,Pierson College,No,"Yes, I am entering the workforce","118,000",Yes,,No,,No,,Disagree,No,,Bass,,10,Yes,HIST 115,chicken tenders
Other (Please specify),Texas,Male,American Studies,Pierson College,Feta meatballs,Silliman College,Yes,"Yes, I am entering the workforce","32,000",No,,No,,No,,Disagree,Yes,Somewhat Substantial,Sterling,,7,No,HIST 254,"String cheese, Chobani, carrots and hummus"
Academia/Research,Massachusetts,Female,Neuroscience,Pauli Murray College,Grilled cheese and tomato soup,Ezra Stiles College,Yes,"Yes, I am entering the workforce",,No,,No,,No,,Somewhat agree,No,,Sterling,,10,Yes,PSYC 110,"Sahale cashews, red pepper humus+chips, iced tea"
Academia/Research,United Kingdom,Female,Philosophy,Trumbull College,,Trumbull College,No,"No, I am not entering the workforce",,,,No,,No,,Strongly agree,Yes,Substantial,Sterling,,10,No,PHIL 487,Chicken tenders
Academia/Research,Illinois,Male,"Molecular, Biophysics and Biochemistry",Jonathan Edwards College,lamb feta burger,Jonathan Edwards College,No,"No, I am not entering the workforce",,,,No,,No,,Somewhat agree,Yes,Somewhat Substantial,Bass,,10,No,MB&B 301,Orangina
Arts,California,Male,American Studies,Davenport College,"Chicken, Brie and Apple? Sandwiches. Cheese Ravioli w Butter and Sage ",Davenport College,No,"Yes, I am entering the workforce",36000,No,,No,,No,,Strongly disagree,Yes,Somewhat Insignificant,Sterling,,8,No,ANTH 438,"Chicken Tenders, Cheetos and .... Water (I'm skinny)"
Academia/Research,Connecticut ,Female,"History of Science, Medicine, and Public Health",Ezra Stiles College,Tikka masala with the naan ,Silliman College,No,"No, I am not entering the workforce",,,,No,,No,,Somewhat agree,Yes,Substantial,Sterling,,8,Yes,,2 Noka smoothies 
Consulting,New York,Female,"Economics,Statistics and Data Science",Pauli Murray College,Ramen ,Pauli Murray College,No,"Yes, I am entering the workforce",100000,Yes,5000,No,,No,,Somewhat agree,No,,Other (spill those secret study places),CEID,8,No,PLSC 377,Egg sandwich and iced tea
No plans yet,New York,Female,English,Silliman College,Indian food ,Jonathan Edwards College,No,"No, I am not entering the workforce",,,,No,,No,,Agree,Yes,Substantial,Sterling,,7,No,ENGL 435,
Law,New York,Male,Religious Studies,Pierson College,Morse Pizza,Grace Hopper College,No,"Yes, I am entering the workforce","55,000",No,,No,,Yes,Disagree,Somewhat disagree,Yes,Somewhat Substantial,Sterling,,7,Yes,RLST 012b,"Falafel Cup, Pretzels, Naked Smoothie"
Health,"New York, NY",Female,Cognitive Science,Berkeley College,Coconut Macaroons,Berkeley College,No,"Yes, I am entering the workforce","$35,000 ",No,,Yes,No,No,,Somewhat agree,Yes,Somewhat Insignificant,Sterling,,10,Yes,ENGL 120 with Andrew Ehrgood,Grapes
Finance,,Male,Economics,Branford College,All bad.,Benjamin Franklin College,No,,,,,Yes,Yes,,,Somewhat agree,No,,Sterling,,6,Yes,,
Finance,"Boston, Massachusetts",Male,History,Saybrook College,Chicken Tenders,Davenport College,Yes,"Yes, I am entering the workforce",110000,Yes,10000,No,,Yes,Somewhat agree,Somewhat agree,Yes,Insignificant,Sterling,,9,Yes,PLSC 318,Cereal
Finance,,Male,"Computer Science,Statistics and Data Science",Jonathan Edwards College,None,Jonathan Edwards College,Yes,"Yes, I am entering the workforce",175000,Yes,225000,No,,No,,Disagree,No,,Bass,,10,Yes,CPSC 323,Tenders
Academia/Research,Boston,Male,Ecology and Evolutionary Biology,Trumbull College,Beyond Sausage with pepper and onions,Trumbull College,No,"Yes, I am entering the workforce",42000,No,,No,,No,,Disagree,No,,Bass,,10,No,E&EB 235,Knitted gloves
Government,South Carolina,Male,History,Trumbull College,tenders,Trumbull College,Yes,"Yes, I am entering the workforce","35,000",No,,No,,Yes,Neither agree nor disagree,Neither agree nor disagree,No,,Bass,,9,Yes,HIST 221,tenders
Consulting,NY,Male,"Economics,Molecular, Cellular, and Developmental Biology",Branford College,Chicken parm,Branford College,No,"Yes, I am entering the workforce",113000,Yes,15000,No,,No,,Strongly disagree,No,,Bass,,6,Yes,CPSC 100,3 starbucks doubleshots
Consulting,"Boston, Massachusettes",Male,Mechanical Engineering,Ezra Stiles College,Chicken Tender Thursday,Ezra Stiles College,Yes,"Yes, I am entering the workforce",77000,Yes,11000,No,,No,,Disagree,No,,Bass,,10,Yes,CPSC 201,Tendies